"Predation (Mpred), Starvation (Mstarv), Other Natural mortality (Mnat), Fishing (F) & Out-of-domain (Zout) mortality rates per time step of saving, except for Mnat Eggs that is expressed in osmose time step. Z is the total mortality for migratory fish outside the simulation grid. To get annual mortality rates, sum the mortality rates within one year."
"Time","Mpred","Mpred","Mpred","Mstarv","Mstarv","Mstarv","Mnat","Mnat","Mnat","F","F","F","Zout","Zout","Zout"
,Eggs,Pre-recruits,Recruits,Eggs,Pre-recruits,Recruits,Eggs,Pre-recruits,Recruits,Eggs,Pre-recruits,Recruits,Eggs,Pre-recruits,Recruits
0.083333336,0.0,0.0,0.0,0.0,0.0,0.0,0.4000000000000005,0.0,0.0,0.0,0.0,0.0,0.0,0.0,0.0,
0.16666667,0.10692041301448066,0.043613386993878754,0.0,0.0,0.0,0.0,0.8290557590248535,0.050086424828486006,0.0,0.0,0.0,0.0,0.0,0.0,0.0,
0.25,0.1283492899718357,0.11704277445985788,0.0,0.0,0.0,0.0,0.8347802982465645,0.049413089362958254,0.0,0.0,0.0,0.0,0.0,0.0,0.0,
0.33333334,0.2164978111823857,0.09909500013065059,0.0,0.0,7.167400292971615E-5,0.0,0.8595299494281543,0.049646119326538396,0.0,0.0,0.0,0.0,0.0,0.0,0.0,
0.41666666,0.2921640588205977,0.027721761504874962,0.0,0.0,3.206427011855074E-4,0.0,0.8810683305474019,0.05036195928303243,0.0,0.0,0.0,0.0,0.0,0.0,0.0,
0.5,0.1627288962595529,0.06092126547016056,0.0,0.0,3.0456827130984066E-4,0.0,0.8445004344843828,0.050072853863988555,0.0,0.0,0.0,0.0,0.0,0.0,0.0,
0.5833333,0.40152768764261526,0.3026615868801286,0.0,0.0,2.217096767822534E-4,0.0,0.913377894774609,0.047800484424138937,0.0,0.0,0.0,0.0,0.0,0.0,0.0,
0.6666667,0.6224401517383742,0.15091228267818418,0.0,0.0,8.192679310142958E-4,0.0,0.9816592305293675,0.049611996381400625,0.0,0.0,4.21059156537536E-4,0.0,0.0,0.0,0.0,
0.75,0.4939703912428353,0.23879622922575305,0.0,0.0,9.14465165822776E-4,0.0,0.9438578940479512,0.04849492460314536,0.0,0.0,0.0013640023055918665,0.0,0.0,0.0,0.0,
0.8333333,0.578717583779727,1.2706908033617017,0.0,0.0,3.0006717559816285E-4,0.0,0.9680440043355423,0.04325902906550817,0.0,0.0,4.961132088100377E-4,0.0,0.0,0.0,0.0,
0.9166667,0.22999601257086016,0.8732396926243144,0.0,0.0,0.00663291905748541,0.0,0.863345623798885,0.04494353095994495,0.0,0.0,6.858297503431689E-4,0.0,0.0,0.0,0.0,
1.0,0.4731863182640321,1.0296169251067846,0.0,0.0,0.004235823466743827,0.0,0.9347684657808957,0.04362244680808437,0.0,0.0,8.412895029351361E-4,0.0,0.0,0.0,0.0,
1.0833334,0.2623468564773328,1.1049264981196918,0.0,0.0,0.0020585869664226228,0.0,0.8740393310926275,0.04494847660697292,0.0,0.0,3.80175177471384E-4,0.0,0.0,0.0,0.0,
1.1666666,0.19387678333324043,0.8267904846323211,0.0,0.0,0.007799410806277713,0.0,0.8530422235980124,0.048171955607960754,0.0,0.0,1.0886603177812004E-4,0.0,0.0,0.0,0.0,
1.25,0.06794022569297581,1.2874742972975444,0.0,0.0,0.006622517248302984,2.0624588063237077E-5,0.818251884265031,0.04498778056377398,0.025275778315588224,0.0,1.0392106576080824E-4,0.018751426509953987,0.0,0.0,0.0,
1.3333334,0.267027267109372,0.8989385104583941,0.0,0.0,0.004632367141812168,5.35875513024096E-4,0.8745912130014075,0.04724879401052994,0.05055542036281537,0.0,2.264158641258604E-5,0.03698625670123255,0.0,0.0,0.0,
1.4166666,0.3800874708753934,0.6817623084704363,0.11532576859742626,0.0,0.013426576848874428,3.516510137057606E-4,0.9068052569351959,0.04898144673735115,0.050489964208524696,0.0,3.35853399551892E-5,0.008999578894455133,0.0,0.0,0.0,
1.5,0.1598457833573288,0.5893370959296642,0.158502304093393,0.0,0.015531230152226665,4.709321338257778E-4,0.8436307259493903,0.04779130757926693,0.05044280937757181,0.0,4.430727321505939E-5,0.0064721834696995564,0.0,0.0,0.0,
1.5833334,0.1673508174252264,0.7402532108319287,0.13361076801084384,0.0,0.00834107913082656,2.2961763152065155E-4,0.8462645818677363,0.04838074746318376,0.050342722480726874,0.0,2.3388495145046296E-5,0.008371523871156458,0.0,0.0,0.0,
1.6666666,0.0347103187327356,0.6683360134519339,0.09170027310439909,0.0,0.010120451259314708,2.1814648228120158E-4,0.8093035453164321,0.04812727529683501,0.05050171927822745,0.0,1.143120082657804E-5,0.010307168346723197,0.0,0.0,0.0,
1.75,0.029801766906525185,0.6991004665838779,0.10556933156288338,0.0,0.011598779072514704,1.2174996556205039E-4,0.8079851061768346,0.04812849913678399,0.05048333806261561,0.0,1.05789062719715E-5,0.010551936007729239,0.0,0.0,0.0,
1.8333334,0.11595861879311953,0.5078411659759197,0.08705017189819422,0.0,0.00652804147079581,1.0579380300596646E-4,0.831663598633221,0.04919999333824651,0.05042853362510974,0.0,3.6250460931902367E-6,0.012559054912427554,0.0,0.0,0.0,
1.9166666,0.07471602336088173,0.30557774734263804,0.06637099927153348,0.0,0.019455050821884902,7.207470339084267E-5,0.8200908876475864,0.04997196539791242,0.050524222206072895,0.0,2.677575717083406E-6,0.013791522410022766,0.0,0.0,0.0,
2.0,0.08816089920395895,0.44567031696349185,0.04936242080541977,0.0,0.019628887790158082,1.500461961672002E-4,0.8237613479405987,0.049405560588106995,0.05053647608377651,0.0,2.5806378486100776E-6,0.013965748222347418,0.0,0.0,0.0,
2.0833333,0.015181331916026997,0.5353035604544678,0.08479539712786259,0.0,0.01212868317032053,3.025781424619651E-5,0.8040516965787411,0.04919735486245458,0.0505648699128907,0.0,2.0908520835832187E-6,0.014707761769067344,0.0,0.0,0.0,
2.1666667,0.028063907611571026,0.7007728789352492,0.06969641429941138,0.0,0.011855676434612154,6.488274033831654E-5,0.8075164502184988,0.048279902568419256,0.05050085092815432,0.0,1.8123908886124042E-6,0.015735930437019527,0.0,0.0,0.0,
2.25,0.004159650479934676,0.6590702656234269,0.10910769088100725,0.0,0.00788452218926074,1.0707122868879943E-4,0.8011069840847489,0.048739387068011134,0.050486765752033085,0.0,1.3701501008076055E-6,0.01641940744328378,0.0,0.0,0.0,
2.3333333,0.0012464665528309604,0.5367101610871243,0.13505685155413624,0.0,0.005251716262064731,4.855428590078791E-5,0.8003316343605603,0.0495051173201592,0.05041365122430475,0.0,7.966500605682058E-7,0.017883163088420966,0.0,0.0,0.0,
2.4166667,0.05177815804254218,0.45735308015291265,0.0663892264254959,0.0,0.013230968119971702,4.8335745000092125E-5,0.8138753520770179,0.049314552501206456,0.05048797164544698,0.0,1.5810522167435766E-6,0.019044474189977255,0.0,0.0,0.0,
2.5,0.050193749026671515,0.5264468587463653,0.16776075751286348,0.0,0.015559416036419043,0.0,0.8134489662674378,0.04959055646323353,0.04992867689562358,0.0,2.40057779835399E-6,0.020555458744206542,0.0,0.0,0.0,
2.5833333,0.021557491951042975,0.5846036497726399,0.028315922005745314,0.0,0.009113827555977238,8.159262950900122E-5,0.8057692264487195,0.049277591424801336,0.05052707912789989,0.0,2.3587705336283395E-6,0.02303193034080723,0.0,0.0,0.0,
2.6666667,0.0242828459579243,0.694664172658694,0.019231403855983837,0.0,0.009458430698676827,2.1802126242153187E-4,0.8064963992043304,0.048885592239127876,0.05054256444741668,0.0,2.3174200596385384E-6,0.02251774109740498,0.0,0.0,0.0,
2.75,0.00745947571043831,0.6444816989814817,0.12741010402914238,0.0,0.01051683934860162,8.28113029108297E-5,0.8019863444577808,0.0483212312441402,0.050484763021703086,0.0,2.8862376165010616E-6,0.016735035518974553,0.0,0.0,0.0,
2.8333333,0.03696520056710008,0.5226842249534435,0.16701898975242532,0.0,0.0069198921803352515,2.7147535338223425E-4,0.8099372413290713,0.04897798383541971,0.050529300059158164,0.0,1.4438018741624146E-6,0.02016531048027302,0.0,0.0,0.0,
2.9166667,0.024384260459164767,0.32165873954543145,0.532219325633883,0.0,0.019198192782254347,0.00909801652120211,0.8065314511841823,0.05028337866282437,0.0510940904258404,0.0,2.599590839704105E-6,0.007724779419360037,0.0,0.0,0.0,
3.0,0.08068717800466566,0.5203238394520103,0.618470556981413,0.0,0.019422900137852302,0.001945746440858211,0.8217409051211566,0.049548871048501544,0.04735459631321251,0.0,5.557421532892142E-6,0.0087896800230192,0.0,0.0,0.0,
3.0833333,0.01949501004456991,0.4537999334942284,0.318681075142779,0.0,0.011608348319051534,0.0,0.8052036012926731,0.0491541037506221,0.05059894462949906,0.0,5.902694636518276E-6,0.015872882531399148,0.0,0.0,0.0,
3.1666667,0.003396451435986826,0.6550758341796806,0.08942281824596761,0.0,0.011626433748377837,0.0,0.8009041548128659,0.04882950167707715,0.05044404779768036,0.0,5.073418862872992E-6,0.019308799401816786,0.0,0.0,0.0,
3.25,0.004949453903668957,0.7068190256371443,0.09363773466240502,0.0,0.006770961875433808,1.794129070899822E-6,0.8013173287010434,0.048219917694359286,0.05036955046863828,0.0,5.672382002306893E-6,0.017239927233103837,0.0,0.0,0.0,
3.3333333,0.023470725835555963,0.5741473509917396,0.08985786364795598,0.0,0.005294615509215077,8.45400752773238E-5,0.8062849730929358,0.04877800705008866,0.05048545803694368,0.0,2.6133669393454445E-6,0.017917838849219124,0.0,0.0,0.0,
3.4166667,0.0913699580120097,0.5340190719837239,0.06308796967581813,0.0,0.013568266106444292,3.153908404206473E-5,0.8249137176804229,0.04929625373932725,0.050540866964478126,0.0,5.109480008982503E-6,0.019802134576134566,0.0,0.0,0.0,
3.5,0.07533759936382135,0.4520933821570019,0.03148070397750731,0.0,0.01490622605302258,6.30404667445605E-6,0.8202618421831354,0.04952209214582527,0.050505108060231896,0.0,6.976779909294961E-6,0.01996039358829121,0.0,0.0,0.0,
3.5833333,0.03680524370927054,0.6045767031378448,0.11347287534296564,0.0,0.008911919358058937,2.80238008543971E-4,0.8098917443485978,0.04883128994952515,0.05047840034672385,0.0,3.7507506555198885E-6,0.022166407199769325,0.0,0.0,0.0,
3.6666667,0.06748106883255232,0.49234754178605034,0.04174136384156957,0.0,0.010893028996458545,7.676398379713701E-4,0.8181873592209545,0.04955670602893905,0.050559076519147234,0.0,2.129320329868221E-6,0.023159529858610268,0.0,0.0,0.0,
3.75,0.003971726436520256,0.5740036777611359,0.1707182690563071,0.0,0.010955717701318583,5.266099842745951E-4,0.8010569449896818,0.04873626263331513,0.05063009034209673,0.0,2.7082884395681965E-6,0.019534874740704956,0.0,0.0,0.0,
3.8333333,0.027767919940446615,0.5391062668252612,0.20775836084306,0.0,0.007576252522036619,0.001063198574764751,0.807445025354767,0.04912047228606535,0.05022379045871458,0.0,2.219188190038422E-6,0.022675852113570635,0.0,0.0,0.0,
3.9166667,0.06289061026588472,0.36194697050054947,0.25227282269854806,0.0,0.018918798864284547,5.599894507393743E-4,0.8168806850075916,0.04983742506475557,0.05016399792386135,0.0,4.753125639890946E-6,0.02120476704174754,0.0,0.0,0.0,
4.0,0.07724905085478495,0.41610121247370185,0.01745277028916229,0.0,0.02018639401989769,6.545480215347371E-4,0.8208262916923843,0.0497773104428123,0.0505552508540528,0.0,8.82932410652492E-6,0.02175222805711642,0.0,0.0,0.0,
4.0833335,0.06718710550107718,0.5755394814036022,0.0593543256535192,0.0,0.012863451180617297,1.5518587650654875E-4,0.8181647338819795,0.048847354634382535,0.05048615812715332,0.0,6.501291234649414E-6,0.023818510553453368,0.0,0.0,0.0,
4.1666665,0.0794040345776672,0.5353828224486268,0.016790082788186597,0.0,0.01099640192689182,2.7372362699735656E-4,0.8214470673553405,0.0491332486958074,0.050552806823653915,0.0,4.579375603458756E-6,0.022200191923979904,0.0,0.0,0.0,
4.25,0.012736407786413967,0.6304859864453003,0.020741252702234616,0.0,0.0085828522372089,2.2131737463166907E-4,0.80339788871406,0.049213701908903534,0.050546416791806215,0.0,7.759742952021037E-6,0.02129923464322226,0.0,0.0,0.0,
4.3333335,0.0686365696833255,0.5968850747463397,0.10060357406910081,0.0,0.006032324758865764,3.4172142335431424E-4,0.8186060370841275,0.049195243522180514,0.050499916605287826,0.0,4.6372167634998775E-6,0.02239043296324394,0.0,0.0,0.0,
4.4166665,0.03133238168349348,0.6023859230243971,0.12180069322806003,0.0,0.015492575711163472,8.195191081830904E-5,0.8083802820061019,0.04947895363026944,0.05045398817543721,0.0,6.896475352433366E-6,0.02421815368816544,0.0,0.0,0.0,
4.5,0.03756739261464267,0.5066816435678536,0.013396853554737912,0.0,0.015429906155670602,1.660202926684354E-4,0.8100483360351911,0.04938666895077713,0.05054525278303156,0.0,9.855197416273678E-6,0.025552292586655742,0.0,0.0,0.0,
4.5833335,0.04337197381554668,0.5732361059406348,0.03301373943011963,0.0,0.008279007531829048,2.6239473260767905E-4,0.8116092636103578,0.04937684799556019,0.05054373489708247,0.0,9.136336048052058E-6,0.021143515872841512,0.0,0.0,0.0,
4.6666665,0.04442818802744858,0.605998113313643,0.08733627298986109,0.0,0.010187051566192196,2.905719929231418E-4,0.8119380427337567,0.04923277070912404,0.05046611048333889,0.0,6.495523076585278E-6,0.019167960950005232,0.0,0.0,0.0,
4.75,2.0031300016511969E-4,0.6122016697403799,0.08154587073594138,0.0,0.012245793247305077,6.369277833432775E-4,0.8000532775779766,0.048740426543285684,0.050513794409629095,0.0,7.095851008373936E-6,0.016557629234072342,0.0,0.0,0.0,
4.8333335,0.02695132571981442,0.7342225863200924,0.08780567392294725,0.0,0.007710603125715124,9.295067061220602E-4,0.8072066236716231,0.048035357376429805,0.050491111744615264,0.0,3.5602727455182408E-6,0.015399562719482285,0.0,0.0,0.0,
4.9166665,0.05574770063828382,0.4280591411255868,0.953543177257831,0.0,0.018380138590094262,0.007793370134504268,0.8150037851405707,0.0498212421768053,0.05160691532249949,0.0,5.337155737167225E-6,0.006757875579544607,0.0,0.0,0.0,
5.0,0.06462951825387762,0.5280808185264481,0.2303477018005291,0.0,0.01937836929273109,6.113871840966896E-4,0.8174040430905487,0.049411510916179985,0.050700171368396676,0.0,9.702465887458037E-6,0.013991552852965532,0.0,0.0,0.0,
5.0833335,0.057671376214793,0.7688361142478672,0.17683690920676037,0.0,0.011660024269834666,1.7230137436996803E-4,0.815546775261636,0.04851186188493832,0.04962425045084709,0.0,8.818572961770621E-6,0.017149867781345918,0.0,0.0,0.0,
5.1666665,0.06894056606898721,1.047956161564106,0.0770431466726254,0.0,0.011159856783102409,2.6377277884638637E-4,0.8185620589269818,0.04728123195133532,0.05052555787362635,0.0,1.06245413958666E-5,0.01869998319447176,0.0,0.0,0.0,
5.25,0.0017050919926963897,0.8507724063520326,0.06983748033150344,0.0,0.007901185014215393,5.648769246107151E-4,0.8004536325829086,0.047508104013260374,0.050492770467191084,0.0,1.0855772587206677E-5,0.02000145847869552,0.0,0.0,0.0,
5.3333335,0.026612597600517894,0.7565931930001568,0.051202165956998044,0.0,0.0047182549270292865,9.489077789059114E-5,0.807124895437223,0.048065061040008294,0.050534695573240564,0.0,6.001600269110245E-6,0.01688413290797456,0.0,0.0,0.0,
5.4166665,0.039996681240481474,0.4680982266926194,0.27019512588645744,0.0,0.014607797381372703,2.8979512454165577E-4,0.8107007959132654,0.04985693419889782,0.05035268188164452,0.0,8.434476962124985E-6,0.012365127762683628,0.0,0.0,0.0,
5.5,0.1687400800731286,0.587730017499108,0.1976156720326948,0.0,0.014660146872587355,1.5340616418773234E-4,0.8459928069903653,0.04930953197983108,0.05040956814134661,0.0,1.031101687378378E-5,0.01413822125968655,0.0,0.0,0.0,
5.5833335,0.003902964814555731,0.6610554685891311,0.1434616446126947,0.0,0.008456554606047984,4.585635200681609E-5,0.8010386553344836,0.0488267622848573,0.05042869737249915,0.0,7.827836194008785E-6,0.015504131019749783,0.0,0.0,0.0,
5.6666665,0.06382763495960649,0.5456787481764329,0.10397269006678199,0.0,0.010120304487854469,2.5770177869319157E-4,0.8171395870841736,0.04909615599012558,0.05051902711803277,0.0,9.079525586842456E-6,0.014768916611476234,0.0,0.0,0.0,
5.75,0.016031495189710865,0.6407420786268396,0.13527914645314032,0.0,0.012272283438038042,2.5992606018558666E-4,0.8042737423718456,0.04860226538686114,0.05043309147218816,0.0,9.805534964052822E-6,0.012384274949671925,0.0,0.0,0.0,
5.8333335,0.011533185717798624,0.502518859015193,0.042416743817414275,0.0,0.007188058145615403,2.256477727104898E-4,0.8030755837536045,0.049381839261284366,0.05048897549297225,0.0,3.975715327671061E-6,0.01516685653195788,0.0,0.0,0.0,
5.9166665,0.07002859173542994,0.44214361284685244,0.12358549161977472,0.0,0.01907072918978301,0.005922087119507021,0.818817144942632,0.049528692849668904,0.05054228242497882,0.0,4.014878947514468E-6,0.006131388226894599,0.0,0.0,0.0,
6.0,0.06833267365647931,0.5707565942854389,0.8303831378208523,0.0,0.019750121365300015,0.0013783766199988298,0.8183625218464343,0.04941976264010957,0.046475777560842216,0.0,5.991716448041606E-6,0.007859283478805594,0.0,0.0,0.0,
6.0833335,0.018744871677530375,0.8213648648486304,0.2967218537777518,0.0,0.011467567384071118,2.2050469565239713E-5,0.8049996920059598,0.04744856419832781,0.05012582770197979,0.0,5.068246479372158E-6,0.015007109167328496,0.0,0.0,0.0,
6.1666665,0.03881429407626611,0.8274504613866527,0.07711956393374969,0.0,0.010157955380459837,0.0,0.8103816337699449,0.04858089152918456,0.05053238898601864,0.0,6.684842254905843E-6,0.018505455904445085,0.0,0.0,0.0,
6.25,0.0027449889884097163,0.8963342884856018,0.07612936311322152,0.0,0.007903238541266077,2.360243915325636E-5,0.8007306097060941,0.048141014467408275,0.05048945231449445,0.0,8.011419379994526E-6,0.020206928492639383,0.0,0.0,0.0,
6.3333335,0.027809475724166862,0.5006690983185409,0.04439517087694421,0.0,0.0044627634747591806,1.0734234437140346E-5,0.807433328355406,0.04875243265011411,0.05052322901721625,0.0,3.2565371967001777E-6,0.0220078524656709,0.0,0.0,0.0,
6.4166665,0.049910892332661404,0.4312452259423244,0.06866655784747469,0.0,0.016565653372166114,0.0,0.8133848254692007,0.04949368300843956,0.05057316938364677,0.0,5.014496261839956E-6,0.020850300764381692,0.0,0.0,0.0,
6.5,0.10696718574608714,0.5448083247102196,0.058142090450403,0.0,0.017666549464891393,0.0,0.8289914325291645,0.049311888176781365,0.050560215266119826,0.0,7.474543061499056E-6,0.019747885842579572,0.0,0.0,0.0,
6.5833335,0.0034275749713048266,0.6200802625489492,0.08223870457985274,0.0,0.010175144143593107,2.429807631115225E-4,0.8009121798459,0.04863619699442623,0.05054226853420817,0.0,5.080534622264402E-6,0.018769672757018095,0.0,0.0,0.0,
6.6666665,0.04565802007156826,0.5085743710438193,0.07489864349168474,0.0,0.011701776828338133,2.4675014028306447E-4,0.8122243008652197,0.04890150701243278,0.05053575454790636,0.0,3.0034115919048016E-6,0.01755856708984415,0.0,0.0,0.0,
6.75,0.0060671246826332174,0.44365736627588015,0.1483799314325067,0.0,0.013000838262020198,0.010506281560495755,0.8016152630587486,0.048703518938978674,0.05054078688341373,0.0,4.147371818186425E-6,0.005749035186039225,0.0,0.0,0.0,
6.8333335,0.007830878354316418,0.6260294256597336,0.4623614609580974,0.0,0.008737720044591892,0.0100379143312111,0.8020874730839648,0.048921754987617874,0.051089643805310544,0.0,3.366224257028546E-6,0.007315675224228732,0.0,0.0,0.0,
6.9166665,0.009348459174805599,0.3540607250045352,0.3618774640237535,0.0,0.019023094411092303,0.006251779222845362,0.8024920732585972,0.04994824372383336,0.050709417679589294,0.0,7.238726121976844E-6,0.010388761664511584,0.0,0.0,0.0,
7.0,0.1140997185011082,0.4397087183962902,0.1791397286486394,0.0,0.020112644755866223,4.581177988886957E-4,0.8312106006074182,0.04949817685734098,0.05053494951137405,0.0,9.64109299634542E-6,0.012343851767927797,0.0,0.0,0.0,
7.0833335,0.04467025939852536,0.5392728512960397,0.14401285304419653,0.0,0.012525197270525205,1.4577430187673077E-4,0.8120235756443277,0.049671172851893354,0.05059318817376288,0.0,7.633207790016707E-6,0.01405421230151302,0.0,0.0,0.0,
7.1666665,0.03710348427717487,0.7911779650237516,0.23315206703696412,0.0,0.011606406542506418,1.594923449624229E-4,0.809937924887923,0.048368437771250244,0.0495894417474454,0.0,6.554892760141056E-6,0.016286042694915147,0.0,0.0,0.0,
7.25,0.01736188372918608,0.8285260481517599,0.3984461869798328,0.0,0.009855878700354146,5.011520125731622E-4,0.8046302321495128,0.04770657802197605,0.048262292699025884,0.0,6.580760173346977E-6,0.01612655097053382,0.0,0.0,0.0,
7.3333335,0.007382221494864684,0.6870845268330239,0.051420507303096816,0.0,0.005309672783597873,4.498391424833948E-4,0.8019674538095748,0.04816547952618369,0.05053488340523456,0.0,2.5531049821083747E-6,0.017590161340607705,0.0,0.0,0.0,
7.4166665,0.05588194366502734,0.5019146037048593,0.08141927796671103,0.0,0.01633012244210863,0.006303023046536754,0.8149857665897585,0.0497383240534527,0.05032486389306724,0.0,6.437342737328162E-6,0.011842008714323018,0.0,0.0,0.0,
7.5,0.06357447584291875,0.5231889264015979,0.0907937911544266,0.0,0.0158056035874416,0.008617799710639291,0.817099284103254,0.04941880172823418,0.05053114666710092,0.0,1.1969870407189287E-5,0.004708419969467808,0.0,0.0,0.0,
7.5833335,0.005059582473704033,0.8380314175584642,1.3070253587339653,0.0,0.008590837304016986,0.005766528295279634,0.8013469928032273,0.04852971245144483,0.050305954965080925,0.0,9.427417838918115E-6,0.01020448869937473,0.0,0.0,0.0,
7.6666665,0.042742248227497455,0.533693628741168,0.10670345078831212,0.0,0.010878678802698376,2.4676997801675307E-4,0.8115062048846279,0.048969941936727546,0.05046318898371274,0.0,7.5555220321865906E-6,0.01874771182694459,0.0,0.0,0.0,
7.75,0.016970186852853973,0.6175733163358232,0.2747351666944464,0.0,0.011707142737391242,0.0025898438278286777,0.8045250291466364,0.0486054210107126,0.05058220379243363,0.0,1.151740606170604E-5,0.005018983381112237,0.0,0.0,0.0,
7.8333335,0.0682225692673578,0.569699559532745,0.13578913466580328,0.0,0.00829054463685845,0.00912816041580086,0.8184053380220442,0.0486569555859445,0.05056424540176421,0.0,6.7252109751228165E-6,0.006392722680443806,0.0,0.0,0.0,
7.9166665,0.019096064476671736,0.35877276402274655,1.0221246385939844,0.0,0.018891809879860055,0.0028910324980660276,0.8051045963689052,0.05021069513978967,0.04965228590086271,0.0,8.391513323507647E-6,0.009855995551400813,0.0,0.0,0.0,
8.0,0.12537642894922502,0.482683003939425,0.12188869944882241,0.0,0.019693383748739315,2.494126535276818E-4,0.8340694045920947,0.0493640367552369,0.05046298021624385,0.0,8.40005422795624E-6,0.012980227537074923,0.0,0.0,0.0,
8.083333,0.03340229776126624,0.6787173995075719,0.1788672225244453,0.0,0.01137736282703793,2.5538713989659186E-4,0.8089371040037823,0.04925442813976581,0.05056802047986208,0.0,5.101380768728463E-6,0.015346453630112085,0.0,0.0,0.0,
8.166667,0.042847963469730826,0.726522422796345,0.06392105420760118,0.0,0.009432250713977781,7.255271735042334E-5,0.8115169149189515,0.04774158234276743,0.05059364314108217,0.0,5.997445495792363E-6,0.015322204913657581,0.0,0.0,0.0,
8.25,0.017914184930900738,1.0715610899204802,0.1300329061155338,0.0,0.008258816971466305,1.6252652996310646E-4,0.8047874016349943,0.04679232701636109,0.05053054304383279,0.0,7.555995699773425E-6,0.01611022959081697,0.0,0.0,0.0,
8.333333,2.0392769067440873E-5,0.510819338824737,0.1179035918476425,0.0,0.004271134227932091,2.9418374238112832E-5,0.8000054237398282,0.049208220852298215,0.05053498366125365,0.0,3.7300731628138825E-6,0.0173059636848419,0.0,0.0,0.0,
8.416667,0.0364753832794057,0.46684086093166766,0.04935064242681032,0.0,0.01532119665932136,6.56503320802955E-5,0.8097929559112593,0.04959463200870448,0.05052120818545631,0.0,6.768005029018031E-6,0.016943194965743515,0.0,0.0,0.0,
8.5,0.0894200877805955,0.5809221036956325,0.060666000810789364,0.0,0.01526883620574134,2.621683231649081E-4,0.8240939780528507,0.049218797266446054,0.05051134459370504,0.0,1.3167151280106627E-5,0.014124025418751227,0.0,0.0,0.0,
8.583333,0.02758318994257939,0.7060282810774199,0.0866325312972421,0.0,0.008188667852663156,1.5346617367034346E-4,0.8073803608603336,0.04775717958320384,0.05051073959983854,0.0,1.2544356991876036E-5,0.012733173252453057,0.0,0.0,0.0,
8.666667,0.05275205308745082,0.5197353607367489,0.07830486591468824,0.0,0.009618166195723088,1.7376617703125218E-4,0.8141416925366383,0.04931539917430506,0.05055369840221858,0.0,6.370388121174718E-6,0.011966774522638886,0.0,0.0,0.0,
8.75,0.009534921775743527,0.6711994438384589,0.041009966540987625,0.0,0.012035664247988138,9.010628079553074E-5,0.8025400535190517,0.04860456380705441,0.05055014221826068,0.0,6.5511508291805005E-6,0.011073557739248396,0.0,0.0,0.0,
8.833333,0.0022585952144278444,0.439399712926846,0.09158167594115194,0.0,0.006998548942076635,5.461164883744509E-5,0.8006010890803782,0.0495254385053866,0.050546018640568416,0.0,2.6658871193719603E-6,0.0116644887933435,0.0,0.0,0.0,
8.916667,0.029607059517531717,0.42419124383132584,0.10693062572700335,0.0,0.01875835556173737,3.685025122312986E-5,0.8079279902719145,0.04982159238924547,0.05050551082125616,0.0,3.875772594026572E-6,0.011318853376134851,0.0,0.0,0.0,
9.0,0.07617253300616024,0.4216916832439545,0.05583860518817253,0.0,0.02037213653551892,1.4659634017989345E-4,0.8205095284596569,0.049647624559685986,0.050544491955913,0.0,4.010977353970413E-6,0.011451179971826864,0.0,0.0,0.0,
9.083333,0.0164558516770866,0.7056397229092483,0.04463828414811649,0.0,0.01254512942466585,8.34844902781949E-5,0.8043955125525757,0.049258155538242684,0.050498949892555114,0.0,2.3868659969828766E-6,0.012216843671963674,0.0,0.0,0.0,
9.166667,0.020703501056981218,0.6765535032207644,0.1434667850996272,0.0,0.0097162922412324,2.946473884221456E-5,0.805537509005998,0.048755658234070215,0.05052533743944269,0.0,1.488995986406999E-6,0.013589747313311413,0.0,0.0,0.0,
9.25,0.0032857647012520504,0.7817074485042723,0.15078247442310805,0.0,0.00804283916528667,0.0,0.8008743305263396,0.048257940739353015,0.05049757808456427,0.0,1.5444349341974242E-6,0.015536245736995826,0.0,0.0,0.0,
9.333333,0.010351901706173654,0.5722553862636508,0.0817234590714801,0.0,0.0053944598603353966,6.149765885986079E-5,0.8027598020102715,0.04906853543007001,0.050527026091045896,0.0,9.439306559829392E-7,0.015350744323684714,0.0,0.0,0.0,
9.416667,0.0626126582442332,0.6669176676365459,0.0376767572407429,0.0,0.014170582864193475,6.278362640399647E-5,0.8168072167920879,0.049036990144423726,0.05053575442949136,0.0,1.7952228875209722E-6,0.013823389416462616,0.0,0.0,0.0,
9.5,0.02179147613271238,0.5384825256854426,0.06743026632989105,0.0,0.015611718759165968,4.179992494584915E-5,0.8058251943172173,0.04918965013949861,0.0505182262513143,0.0,3.9970515389000805E-6,0.01147026789187009,0.0,0.0,0.0,
9.583333,0.06897543455499691,0.6570975071717993,0.10585290179629137,0.0,0.007970971583882106,0.0,0.8186956109645432,0.048446841266717944,0.05057684872043813,0.0,4.328800528853619E-6,0.011993763623515893,0.0,0.0,0.0,
9.666667,0.04557827364123766,0.5942438701441448,0.060732829968679916,0.0,0.00984876283757841,5.2635674018162E-5,0.8122027642933678,0.04906825449507088,0.05055168523318168,0.0,3.1609781802232757E-6,0.012860693835412062,0.0,0.0,0.0,
9.75,0.009184066775100329,0.6942097730987524,0.1000287589432764,0.0,0.011601890939824763,7.493333306902614E-5,0.8024473658308655,0.047609994601900636,0.05048819766736974,0.0,3.505303056817893E-6,0.012979859471778495,0.0,0.0,0.0,
9.833333,0.0018634794464899762,0.4728687900133846,0.05419322013755344,0.0,0.006834103816054808,1.8996644746626854E-4,0.8004958684337724,0.04920959655615168,0.05053180018445255,0.0,2.2507347446805826E-6,0.01532303282109665,0.0,0.0,0.0,
9.916667,0.01691519612157848,0.5063033413340157,0.028969941921356046,0.0,0.01949951100572553,3.540337232323418E-5,0.8045099217693366,0.05026650369671355,0.05055149529403388,0.0,3.7801456097103076E-6,0.01645998630025214,0.0,0.0,0.0,
10.0,0.1221351355411901,0.4779040514080716,0.032591561795639434,0.0,0.01928165479942367,2.944540640124443E-4,0.833272566983299,0.04957983549453482,0.05053376855730142,0.0,5.275233611101778E-6,0.016648656533256524,0.0,0.0,0.0,
